-- phpMyAdmin SQL Dump
-- version 4.5.1
-- http://www.phpmyadmin.net
--
-- Servidor: 127.0.0.1
-- Tiempo de generación: 18-06-2017 a las 15:16:48
-- Versión del servidor: 10.1.13-MariaDB
-- Versión de PHP: 5.6.23

SET SQL_MODE = "NO_AUTO_VALUE_ON_ZERO";
SET time_zone = "+00:00";


/*!40101 SET @OLD_CHARACTER_SET_CLIENT=@@CHARACTER_SET_CLIENT */;
/*!40101 SET @OLD_CHARACTER_SET_RESULTS=@@CHARACTER_SET_RESULTS */;
/*!40101 SET @OLD_COLLATION_CONNECTION=@@COLLATION_CONNECTION */;
/*!40101 SET NAMES utf8mb4 */;

--
-- Base de datos: `printcolor`
--

-- --------------------------------------------------------

--
-- Estructura de tabla para la tabla `categories`
--

CREATE TABLE `categories` (
  `id` int(10) UNSIGNED NOT NULL,
  `name` varchar(255) COLLATE utf8_unicode_ci NOT NULL,
  `name_xs` varchar(255) COLLATE utf8_unicode_ci NOT NULL,
  `image` varchar(255) COLLATE utf8_unicode_ci NOT NULL,
  `created_at` timestamp NULL DEFAULT NULL,
  `updated_at` timestamp NULL DEFAULT NULL
) ENGINE=InnoDB DEFAULT CHARSET=utf8 COLLATE=utf8_unicode_ci;

--
-- Volcado de datos para la tabla `categories`
--

INSERT INTO `categories` (`id`, `name`, `name_xs`, `image`, `created_at`, `updated_at`) VALUES
(1, 'Tarjetas de visita', 'Tarj. de Visita', '7497cd8a95788b8a8b4bc5565133dd47.jpeg', '2017-01-12 17:37:04', '2017-01-12 17:37:04'),
(2, 'Flyers / Folletos Doblados', 'Flyers', 'flyers.jpg', '2017-01-12 17:42:19', '2017-01-12 17:42:19'),
(3, 'Carteles', 'Carteles', 'carteles.jpg', '2017-01-12 17:42:19', '2017-01-12 17:42:19'),
(4, 'Artículos Personalizados', 'Artículos', 'articulos.jpg', '2017-01-12 17:42:19', '2017-01-12 17:42:19'),
(5, 'Expositores / Roll-up', 'Expositores', 'roll_up_expositor.jpg', '2017-01-12 17:42:19', '2017-01-12 17:42:19'),
(6, 'Carpetas', 'Carpetas', 'carpetas.jpg', '2017-01-12 17:42:19', '2017-01-12 17:42:19'),
(7, 'Talonarios Autocopiativos', 'Talonarios', 'talonarios.jpg', '2017-01-12 17:42:19', '2017-01-12 17:42:19'),
(8, 'Libros/ Revistas/ Catálogos', 'Libros', 'libros.jpg', '2017-01-12 17:42:19', '2017-01-12 17:42:19'),
(9, 'Entradas/ Rifas numeradas', 'Entradas', 'entradas_numeradas.jpg', '2017-01-12 17:42:19', '2017-01-12 17:42:19'),
(10, 'Calendarios', 'Calendarios', 'calendarios.jpg', '2017-01-12 17:42:19', '2017-01-12 17:42:19'),
(11, 'Libretas Personalizadas', 'Libretas', 'libretas.jpg', '2017-01-12 17:42:19', '2017-01-12 17:42:19'),
(12, 'Etiquetas Adhesivas', 'Etiquetas', 'etiquetas_adhesivas.jpg', '2017-01-12 17:42:19', '2017-01-12 17:42:19'),
(13, 'Vinilo x metro/ Adhesivo', 'Vinilo x metro', 'vinil_metro.jpg', '2017-01-12 17:42:19', '2017-01-12 17:42:19'),
(14, 'Lonas/ Pancartas', 'Lonas', 'lonas.jpg', '2017-01-12 17:42:19', '2017-01-12 17:42:19'),
(15, 'Cartas/Manteles Hostelería', 'Cartas', 'cartas_bar.jpg', '2017-01-12 17:42:19', '2017-01-12 17:42:19'),
(16, 'Fotolienzo / Carteles', 'Carteles', 'fotolienzo.jpg', '2017-01-12 17:42:19', '2017-01-12 17:42:19'),
(17, 'Rotulación de Vehículos', 'Rot. Vehículos', 'rotulacion.jpg', '2017-01-12 17:42:19', '2017-01-12 17:42:19'),
(18, 'Murales', 'Murales', 'mural.jpg', '2017-01-12 17:42:19', '2017-01-12 17:42:19'),
(19, 'Placas Metacrilato', 'Placas', 'placa_metacrilato.jpg', '2017-01-12 17:42:19', '2017-01-12 17:42:19'),
(20, 'Documentos', 'Documentos', 'documentos.jpg', '2017-01-12 17:42:19', '2017-01-12 17:42:19'),
(21, 'Trofeos y Placas', 'Trofeos', 'trofeos.jpg', '2017-01-12 17:42:19', '2017-01-12 17:42:19'),
(22, 'Diseño Gráfico', 'Dis. Gráfico', 'diseno_grafico.jpg', '2017-01-12 17:42:19', '2017-01-12 17:42:19'),
(23, 'Letras Corpóreas', 'Letras Cor.', 'letras_corporeas.jpg', '2017-01-12 17:42:19', '2017-01-12 17:42:19'),
(24, 'Sobres', 'Sobres', 'sobres.jpg', '2017-01-12 17:42:19', '2017-01-12 17:42:19'),
(25, 'Camisetas Personalizadas', 'Camisetas', 'camisetas_personalizada.jpg', '2017-01-12 17:42:19', '2017-01-12 17:42:19'),
(26, 'Marcapáginas', 'Marcapáginas', 'marcapaginas.jpg', '2017-01-12 17:42:19', '2017-01-12 17:42:19'),
(27, 'Textil', 'Textil', 'textil.jpg', '2017-01-12 17:42:19', '2017-01-12 17:42:19'),
(28, 'Regalos Publicitarios', 'Reg. Publicitarios', 'regalos_publicitarios.jpg', '2017-01-12 17:42:19', '2017-01-12 17:42:19');

-- --------------------------------------------------------

--
-- Estructura de tabla para la tabla `contactos`
--

CREATE TABLE `contactos` (
  `id` int(10) UNSIGNED NOT NULL,
  `nombre` varchar(255) COLLATE utf8_unicode_ci NOT NULL,
  `telefono` varchar(255) COLLATE utf8_unicode_ci NOT NULL,
  `email` varchar(255) COLLATE utf8_unicode_ci NOT NULL,
  `mensaje` text COLLATE utf8_unicode_ci NOT NULL,
  `created_at` timestamp NULL DEFAULT NULL,
  `updated_at` timestamp NULL DEFAULT NULL
) ENGINE=InnoDB DEFAULT CHARSET=utf8 COLLATE=utf8_unicode_ci;

--
-- Volcado de datos para la tabla `contactos`
--

INSERT INTO `contactos` (`id`, `nombre`, `telefono`, `email`, `mensaje`, `created_at`, `updated_at`) VALUES
(1, 'adadadsad', 'adadadsad', 'favenitwoh@hotmail.com', 'adadadsad', '2017-01-21 18:07:37', '2017-01-21 18:07:37'),
(2, 'adadadsad', 'adadadsad', 'favenitwoh@hotmail.com', 'adadadsad', '2017-01-21 18:08:13', '2017-01-21 18:08:13'),
(3, 'dadadadada', 'http://www.cuatro.com/informacionPublicidad.html', 'favenitwoh@hotmail.com', 'adad', '2017-01-21 18:14:04', '2017-01-21 18:14:04'),
(4, 'dadadadada', 'adadad', 'nonoillora@gmail.com', 'asdadadad', '2017-01-21 18:24:00', '2017-01-21 18:24:00'),
(5, 'dadadadada', 'adadad', 'nonoillora@gmail.com', 'asdadadad', '2017-01-21 18:25:14', '2017-01-21 18:25:14'),
(6, 'asdadad', 'adadad', 'edu@edu.com', 'adadad', '2017-01-21 18:25:37', '2017-01-21 18:25:37'),
(7, 'adadad', 'adadad', 'adadad@asdad.com', 'adadad', '2017-01-21 18:35:03', '2017-01-21 18:35:03'),
(8, 'adadad', 'adadadad', 'adadadad@asda.com', 'adadadadad', '2017-01-21 18:38:09', '2017-01-21 18:38:09');

-- --------------------------------------------------------

--
-- Estructura de tabla para la tabla `migrations`
--

CREATE TABLE `migrations` (
  `id` int(10) UNSIGNED NOT NULL,
  `migration` varchar(255) COLLATE utf8_unicode_ci NOT NULL,
  `batch` int(11) NOT NULL
) ENGINE=InnoDB DEFAULT CHARSET=utf8 COLLATE=utf8_unicode_ci;

--
-- Volcado de datos para la tabla `migrations`
--

INSERT INTO `migrations` (`id`, `migration`, `batch`) VALUES
(32, '2014_10_12_000000_create_users_table', 1),
(33, '2014_10_12_100000_create_password_resets_table', 1),
(34, '2017_01_12_105440_create_categories_table', 1),
(35, '2017_01_12_171533_create_productos_table', 1),
(36, '2017_01_12_171534_create_ofertas_table', 1),
(38, '2017_01_21_185509_create_contactos_table', 3),
(39, '2017_01_24_100227_create_presupuestos_table', 4),
(40, '2017_04_22_191301_create_type_price_products_table', 5),
(41, '2017_04_22_191446_create_price_products_table', 5);

-- --------------------------------------------------------

--
-- Estructura de tabla para la tabla `ofertas`
--

CREATE TABLE `ofertas` (
  `id` int(10) UNSIGNED NOT NULL,
  `name` varchar(255) COLLATE utf8_unicode_ci NOT NULL,
  `discount` int(11) NOT NULL,
  `idProduct` int(10) UNSIGNED NOT NULL,
  `created_at` timestamp NULL DEFAULT NULL,
  `updated_at` timestamp NULL DEFAULT NULL
) ENGINE=InnoDB DEFAULT CHARSET=utf8 COLLATE=utf8_unicode_ci;

-- --------------------------------------------------------

--
-- Estructura de tabla para la tabla `password_resets`
--

CREATE TABLE `password_resets` (
  `email` varchar(255) COLLATE utf8_unicode_ci NOT NULL,
  `token` varchar(255) COLLATE utf8_unicode_ci NOT NULL,
  `created_at` timestamp NULL DEFAULT NULL
) ENGINE=InnoDB DEFAULT CHARSET=utf8 COLLATE=utf8_unicode_ci;

-- --------------------------------------------------------

--
-- Estructura de tabla para la tabla `presupuestos`
--

CREATE TABLE `presupuestos` (
  `id` int(10) UNSIGNED NOT NULL,
  `nombre` varchar(255) COLLATE utf8_unicode_ci NOT NULL,
  `email` varchar(255) COLLATE utf8_unicode_ci NOT NULL,
  `telefono` varchar(255) COLLATE utf8_unicode_ci NOT NULL,
  `provincia` varchar(255) COLLATE utf8_unicode_ci NOT NULL,
  `empresa` varchar(255) COLLATE utf8_unicode_ci NOT NULL,
  `comentario` text COLLATE utf8_unicode_ci NOT NULL,
  `respondido` tinyint(1) NOT NULL,
  `idProducto` int(10) UNSIGNED NOT NULL,
  `created_at` timestamp NULL DEFAULT NULL,
  `updated_at` timestamp NULL DEFAULT NULL
) ENGINE=InnoDB DEFAULT CHARSET=utf8 COLLATE=utf8_unicode_ci;

--
-- Volcado de datos para la tabla `presupuestos`
--

INSERT INTO `presupuestos` (`id`, `nombre`, `email`, `telefono`, `provincia`, `empresa`, `comentario`, `respondido`, `idProducto`, `created_at`, `updated_at`) VALUES
(1, 'Jose', 'jose@jose.com', '63985214', 'Girona', 'PEPE', 'adadadadadad', 0, 40, '2017-01-24 09:55:28', '2017-01-24 09:55:28'),
(2, 'pepe', 'pepe@pepe.com', '652417891', 'Cuenca', 'PEPE', 'pepepepepepepepepepe', 1, 40, '2017-01-24 09:56:09', '2017-01-24 09:56:09');

-- --------------------------------------------------------

--
-- Estructura de tabla para la tabla `price_products`
--

CREATE TABLE `price_products` (
  `id` int(10) UNSIGNED NOT NULL,
  `idTypePriceProduct` int(10) UNSIGNED NOT NULL,
  `count` int(11) NOT NULL,
  `price` decimal(11,2) NOT NULL,
  `created_at` timestamp NULL DEFAULT NULL,
  `updated_at` timestamp NULL DEFAULT NULL
) ENGINE=InnoDB DEFAULT CHARSET=utf8 COLLATE=utf8_unicode_ci;

--
-- Volcado de datos para la tabla `price_products`
--

INSERT INTO `price_products` (`id`, `idTypePriceProduct`, `count`, `price`, `created_at`, `updated_at`) VALUES
(9, 1, 100, '12.60', '2017-04-27 13:58:27', '2017-05-01 06:16:50'),
(11, 2, 100, '19.90', '2017-04-29 18:26:48', '2017-04-29 18:27:09'),
(15, 8, 100, '20.00', '2017-05-06 16:34:43', '2017-05-06 16:34:43'),
(16, 9, 100, '30.00', '2017-05-06 16:35:06', '2017-05-06 16:35:06'),
(17, 10, 50, '34.95', '2017-05-08 06:16:44', '2017-05-08 06:16:44'),
(18, 10, 100, '57.90', '2017-05-08 06:17:57', '2017-05-08 06:17:57'),
(19, 10, 250, '93.90', '2017-05-08 06:18:18', '2017-05-08 06:18:18'),
(20, 10, 500, '139.90', '2017-05-08 06:18:40', '2017-05-08 06:18:40'),
(21, 11, 50, '43.90', '2017-05-08 06:18:58', '2017-05-08 06:18:58'),
(22, 11, 100, '62.90', '2017-05-08 06:19:16', '2017-05-08 06:19:16'),
(23, 11, 250, '98.90', '2017-05-08 06:19:41', '2017-05-08 06:19:41'),
(24, 11, 500, '156.28', '2017-05-08 06:20:00', '2017-05-08 06:20:00'),
(25, 12, 1, '68.90', '2017-05-08 06:39:09', '2017-05-08 06:40:47'),
(26, 12, 2, '131.90', '2017-05-08 06:40:16', '2017-05-08 06:40:16'),
(27, 12, 3, '253.90', '2017-05-08 06:41:23', '2017-05-08 06:41:23'),
(28, 12, 5, '313.90', '2017-05-08 06:42:03', '2017-05-08 06:42:03'),
(29, 12, 10, '597.90', '2017-05-08 06:42:35', '2017-05-08 06:42:35'),
(30, 12, 15, '866.50', '2017-05-08 06:43:09', '2017-05-08 06:43:09'),
(31, 13, 1, '83.90', '2017-05-08 06:43:39', '2017-05-08 06:43:39'),
(32, 13, 2, '156.90', '2017-05-08 06:44:30', '2017-05-08 06:44:30'),
(33, 13, 3, '225.90', '2017-05-08 06:45:08', '2017-05-08 06:45:08'),
(34, 13, 4, '294.90', '2017-05-08 06:45:45', '2017-05-08 06:45:45'),
(35, 13, 5, '359.90', '2017-05-08 06:46:29', '2017-05-08 06:46:29'),
(36, 13, 10, '683.90', '2017-05-08 06:47:28', '2017-05-08 06:47:28'),
(37, 13, 15, '866.50', '2017-05-08 06:48:08', '2017-05-08 06:48:08'),
(38, 14, 1, '143.90', '2017-05-08 06:48:44', '2017-05-08 06:48:44'),
(39, 14, 2, '272.90', '2017-05-08 06:50:56', '2017-05-08 06:50:56'),
(40, 14, 3, '402.90', '2017-05-08 06:53:43', '2017-05-08 06:53:43'),
(41, 14, 4, '531.90', '2017-05-08 06:54:18', '2017-05-08 06:54:18'),
(42, 14, 5, '663.90', '2017-05-08 06:55:03', '2017-05-08 06:55:03'),
(43, 14, 10, '1299.90', '2017-05-08 06:56:25', '2017-05-08 06:56:25'),
(44, 14, 15, '1924.50', '2017-05-08 06:57:05', '2017-05-08 06:57:05'),
(45, 12, 4, '263.90', '2017-05-08 06:57:47', '2017-05-08 06:57:47'),
(46, 15, 1, '12.90', '2017-05-08 07:01:08', '2017-05-08 07:01:08'),
(47, 15, 2, '19.90', '2017-05-08 07:01:23', '2017-05-08 07:01:23'),
(48, 15, 3, '28.90', '2017-05-08 07:01:38', '2017-05-08 07:01:38'),
(49, 15, 4, '34.90', '2017-05-08 07:01:58', '2017-05-08 07:01:58'),
(50, 15, 5, '42.90', '2017-05-08 07:02:16', '2017-05-08 07:02:16'),
(51, 15, 6, '51.85', '2017-05-08 07:02:37', '2017-05-08 07:02:37'),
(52, 15, 7, '57.95', '2017-05-08 07:04:38', '2017-05-08 07:04:38'),
(53, 15, 8, '64.10', '2017-05-08 07:05:01', '2017-05-08 07:05:01'),
(54, 15, 9, '67.20', '2017-05-08 07:05:21', '2017-05-08 07:05:21'),
(55, 15, 10, '74.95', '2017-05-08 07:05:34', '2017-05-08 07:05:34'),
(56, 15, 15, '103.50', '2017-05-08 07:05:49', '2017-05-08 07:05:49'),
(57, 15, 20, '132.10', '2017-05-08 07:06:06', '2017-05-08 07:06:06'),
(58, 15, 25, '154.95', '2017-05-08 07:09:18', '2017-05-08 07:09:18'),
(59, 15, 50, '287.90', '2017-05-08 07:09:34', '2017-05-08 07:09:34'),
(60, 15, 100, '449.10', '2017-05-08 07:09:53', '2017-05-08 07:09:53'),
(61, 15, 250, '897.15', '2017-05-08 07:10:13', '2017-05-08 07:10:13'),
(62, 16, 10, '16.90', '2017-05-08 07:17:35', '2017-05-15 14:19:43'),
(63, 16, 25, '34.90', '2017-05-08 07:17:52', '2017-05-15 14:31:26'),
(64, 16, 50, '52.90', '2017-05-08 07:18:12', '2017-05-15 14:20:43'),
(65, 16, 100, '84.90', '2017-05-08 07:18:30', '2017-05-15 14:21:13'),
(66, 16, 250, '183.90', '2017-05-08 08:39:03', '2017-05-15 14:18:17'),
(67, 16, 500, '229.90', '2017-05-08 08:43:11', '2017-05-15 14:18:32'),
(68, 17, 1, '19.00', '2017-05-15 07:59:17', '2017-05-15 07:59:17'),
(69, 17, 2, '16.00', '2017-05-15 07:59:35', '2017-05-15 07:59:35'),
(70, 17, 3, '14.00', '2017-05-15 08:00:05', '2017-05-15 08:00:05'),
(71, 18, 1, '23.00', '2017-05-15 08:01:02', '2017-05-15 08:01:02'),
(72, 18, 2, '20.00', '2017-05-15 08:03:08', '2017-05-15 08:03:08'),
(73, 18, 3, '15.00', '2017-05-15 08:03:41', '2017-05-15 08:03:41'),
(74, 19, 1, '36.00', '2017-05-15 08:04:34', '2017-05-15 08:04:34'),
(75, 19, 2, '28.00', '2017-05-15 08:05:03', '2017-05-15 08:05:03'),
(76, 19, 3, '24.00', '2017-05-15 08:05:36', '2017-05-15 08:05:36'),
(77, 20, 1, '40.00', '2017-05-15 08:06:32', '2017-05-15 08:06:32'),
(78, 20, 2, '33.00', '2017-05-15 08:07:04', '2017-05-15 08:07:04'),
(79, 20, 3, '30.00', '2017-05-15 08:07:59', '2017-05-15 08:07:59'),
(80, 21, 1, '49.00', '2017-05-15 08:09:03', '2017-05-15 08:09:03'),
(81, 21, 2, '44.00', '2017-05-15 08:09:23', '2017-05-15 08:09:23'),
(82, 21, 3, '40.00', '2017-05-15 08:09:43', '2017-05-15 08:09:43'),
(83, 22, 1, '38.00', '2017-05-15 08:10:34', '2017-05-15 08:10:34'),
(84, 22, 2, '30.00', '2017-05-15 08:11:07', '2017-05-15 08:11:07'),
(85, 22, 3, '26.00', '2017-05-15 08:11:41', '2017-05-15 08:11:41'),
(86, 23, 1, '39.00', '2017-05-15 08:12:31', '2017-05-15 08:12:31'),
(87, 23, 2, '36.00', '2017-05-15 08:12:50', '2017-05-15 08:12:50'),
(88, 23, 3, '30.00', '2017-05-15 08:13:14', '2017-05-15 08:13:14'),
(89, 24, 1, '49.00', '2017-05-15 08:13:59', '2017-05-15 08:13:59'),
(90, 24, 2, '41.00', '2017-05-15 08:14:16', '2017-05-15 08:14:16'),
(91, 24, 3, '40.00', '2017-05-15 08:14:39', '2017-05-15 08:14:39'),
(92, 25, 1, '48.00', '2017-05-15 08:40:52', '2017-05-15 08:40:52'),
(93, 25, 2, '42.00', '2017-05-15 08:41:12', '2017-05-15 08:41:12'),
(94, 25, 3, '40.00', '2017-05-15 08:41:34', '2017-05-15 08:41:34'),
(95, 26, 1, '25.00', '2017-05-15 08:45:00', '2017-05-15 08:45:00'),
(96, 26, 2, '18.00', '2017-05-15 08:45:19', '2017-05-15 08:45:19'),
(97, 26, 3, '14.00', '2017-05-15 08:45:41', '2017-05-15 08:45:41'),
(98, 27, 1, '31.00', '2017-05-15 08:47:44', '2017-05-15 08:47:44'),
(99, 27, 2, '26.00', '2017-05-15 08:48:04', '2017-05-15 08:48:04'),
(100, 27, 3, '23.00', '2017-05-15 08:48:24', '2017-05-15 08:48:24'),
(101, 28, 1, '40.00', '2017-05-15 08:50:17', '2017-05-15 08:50:17'),
(102, 28, 2, '32.00', '2017-05-15 08:50:39', '2017-05-15 08:51:19'),
(103, 28, 3, '30.00', '2017-05-15 08:51:02', '2017-05-15 08:51:02'),
(104, 29, 1, '45.00', '2017-05-15 08:52:42', '2017-05-15 08:52:42'),
(105, 29, 2, '38.00', '2017-05-15 08:52:58', '2017-05-15 08:52:58'),
(106, 29, 3, '36.00', '2017-05-15 08:53:14', '2017-05-15 08:53:14'),
(107, 30, 1, '60.00', '2017-05-15 08:54:32', '2017-05-15 08:54:32'),
(108, 30, 2, '49.00', '2017-05-15 08:55:19', '2017-05-15 08:55:19'),
(109, 30, 3, '47.00', '2017-05-15 08:55:39', '2017-05-15 08:55:39'),
(110, 31, 1, '43.00', '2017-05-15 08:56:21', '2017-05-15 08:56:21'),
(111, 31, 2, '35.00', '2017-05-15 08:57:12', '2017-05-15 08:57:12'),
(112, 31, 3, '33.00', '2017-05-15 08:57:37', '2017-05-15 08:57:37'),
(113, 32, 1, '46.00', '2017-05-15 08:58:55', '2017-05-15 08:58:55'),
(114, 32, 2, '38.00', '2017-05-15 08:59:13', '2017-05-15 08:59:13'),
(115, 32, 3, '36.00', '2017-05-15 08:59:33', '2017-05-15 08:59:33'),
(116, 33, 1, '49.00', '2017-05-15 09:00:48', '2017-05-15 09:00:48'),
(117, 33, 2, '41.00', '2017-05-15 09:01:13', '2017-05-15 09:01:13'),
(118, 33, 3, '39.00', '2017-05-15 09:01:27', '2017-05-15 09:01:27'),
(119, 34, 1, '56.00', '2017-05-15 09:02:16', '2017-05-15 09:02:16'),
(120, 34, 2, '47.00', '2017-05-15 09:02:31', '2017-05-15 09:02:31'),
(121, 34, 3, '45.00', '2017-05-15 09:02:45', '2017-05-15 09:02:45'),
(122, 1, 250, '24.90', '2017-05-15 09:15:49', '2017-05-15 09:15:49'),
(123, 1, 500, '34.90', '2017-05-15 09:16:15', '2017-05-15 09:16:15'),
(124, 1, 1000, '44.90', '2017-05-15 09:18:02', '2017-05-15 09:18:02'),
(125, 2, 250, '31.90', '2017-05-15 09:19:16', '2017-05-15 09:19:16'),
(126, 2, 500, '39.90', '2017-05-15 09:19:42', '2017-05-15 09:19:42'),
(127, 2, 1000, '54.90', '2017-05-15 09:20:41', '2017-05-15 09:20:41'),
(128, 35, 100, '18.50', '2017-05-15 09:21:48', '2017-05-15 09:21:48'),
(129, 35, 250, '29.90', '2017-05-15 09:22:11', '2017-05-15 09:23:19'),
(130, 35, 500, '39.90', '2017-05-15 09:22:53', '2017-05-15 09:22:53'),
(131, 35, 1000, '54.90', '2017-05-15 09:23:54', '2017-05-15 09:23:54'),
(132, 36, 100, '23.90', '2017-05-15 09:24:43', '2017-05-15 09:24:43'),
(133, 36, 250, '36.90', '2017-05-15 09:25:30', '2017-05-15 09:25:30'),
(134, 36, 500, '44.90', '2017-05-15 09:25:55', '2017-05-15 09:25:55'),
(135, 36, 1000, '64.90', '2017-05-15 09:26:24', '2017-05-15 09:26:24'),
(136, 37, 50, '54.90', '2017-05-15 09:31:05', '2017-05-15 09:31:05'),
(137, 37, 100, '74.90', '2017-05-15 09:31:26', '2017-05-15 09:31:26'),
(138, 37, 250, '94.90', '2017-05-15 09:31:51', '2017-05-15 09:31:51'),
(139, 37, 1000, '155.00', '2017-05-15 09:32:12', '2017-05-15 09:32:12'),
(140, 38, 50, '59.90', '2017-05-15 09:33:15', '2017-05-15 09:33:15'),
(141, 38, 100, '79.90', '2017-05-15 09:33:50', '2017-05-15 09:33:50'),
(142, 38, 250, '99.90', '2017-05-15 09:34:08', '2017-05-15 09:34:08'),
(143, 38, 1000, '154.90', '2017-05-15 09:34:30', '2017-05-15 09:34:30'),
(144, 39, 100, '24.00', '2017-05-15 13:35:45', '2017-05-15 13:35:45'),
(145, 39, 250, '36.00', '2017-05-15 13:36:01', '2017-05-15 13:36:01'),
(146, 39, 500, '44.00', '2017-05-15 13:36:14', '2017-05-15 13:36:14'),
(147, 39, 1000, '62.00', '2017-05-15 13:36:34', '2017-05-15 13:36:34'),
(148, 39, 2500, '131.00', '2017-05-15 13:36:51', '2017-05-15 13:36:51'),
(149, 39, 5000, '157.00', '2017-05-15 13:37:06', '2017-05-15 13:37:06'),
(150, 39, 10000, '195.00', '2017-05-15 13:37:23', '2017-05-15 13:37:23'),
(151, 40, 100, '33.00', '2017-05-15 13:38:26', '2017-05-15 13:38:26'),
(152, 40, 250, '53.00', '2017-05-15 13:38:48', '2017-05-15 13:38:48'),
(153, 40, 500, '66.00', '2017-05-15 13:39:06', '2017-05-15 13:39:06'),
(154, 40, 1000, '90.00', '2017-05-15 13:39:27', '2017-05-15 13:39:27'),
(155, 40, 2500, '174.00', '2017-05-15 13:39:44', '2017-05-15 13:39:44'),
(156, 40, 5000, '245.00', '2017-05-15 13:40:04', '2017-05-15 13:40:04'),
(157, 40, 10000, '365.00', '2017-05-15 13:40:32', '2017-05-15 13:40:32'),
(158, 41, 100, '30.00', '2017-05-15 13:41:46', '2017-05-15 13:41:46'),
(159, 41, 250, '40.00', '2017-05-15 13:42:35', '2017-05-15 13:42:35'),
(160, 41, 500, '55.00', '2017-05-15 13:45:59', '2017-05-15 13:45:59'),
(161, 41, 1000, '75.00', '2017-05-15 13:46:36', '2017-05-15 13:46:36'),
(162, 41, 2500, '148.00', '2017-05-15 13:46:50', '2017-05-15 13:46:50'),
(163, 41, 5000, '178.00', '2017-05-15 13:47:04', '2017-05-15 13:47:04'),
(164, 41, 10000, '330.00', '2017-05-15 13:47:16', '2017-05-15 13:47:16'),
(165, 42, 100, '36.00', '2017-05-15 13:48:00', '2017-05-15 13:48:00'),
(166, 42, 250, '65.00', '2017-05-15 13:49:23', '2017-05-15 13:49:23'),
(167, 42, 500, '80.00', '2017-05-15 13:49:41', '2017-05-15 13:49:41'),
(168, 42, 1000, '105.00', '2017-05-15 13:50:01', '2017-05-15 13:50:01'),
(169, 42, 2500, '192.00', '2017-05-15 13:50:16', '2017-05-15 13:50:16'),
(170, 42, 5000, '265.00', '2017-05-15 13:50:30', '2017-05-15 13:50:30'),
(171, 42, 10000, '390.00', '2017-05-15 13:50:47', '2017-05-15 13:50:47'),
(172, 43, 25, '19.90', '2017-05-15 13:54:27', '2017-05-15 13:54:27'),
(173, 43, 50, '25.90', '2017-05-15 13:54:41', '2017-05-15 13:54:41'),
(174, 43, 75, '29.90', '2017-05-15 13:54:58', '2017-05-15 13:54:58'),
(175, 43, 100, '31.00', '2017-05-15 13:55:10', '2017-05-15 13:55:10'),
(176, 43, 250, '60.00', '2017-05-15 13:55:22', '2017-05-15 13:55:22'),
(177, 43, 500, '101.90', '2017-05-15 13:56:09', '2017-05-15 14:00:36'),
(179, 43, 1000, '146.50', '2017-05-15 14:02:24', '2017-05-15 14:02:24'),
(180, 44, 25, '24.90', '2017-05-15 14:03:15', '2017-05-15 14:03:15'),
(181, 44, 50, '29.90', '2017-05-15 14:03:27', '2017-05-15 14:03:27'),
(182, 44, 75, '38.50', '2017-05-15 14:03:45', '2017-05-15 14:03:45'),
(183, 44, 100, '46.00', '2017-05-15 14:03:56', '2017-05-15 14:03:56'),
(184, 44, 250, '105.00', '2017-05-15 14:04:10', '2017-05-15 14:04:10'),
(185, 44, 500, '157.90', '2017-05-15 14:04:25', '2017-05-15 14:04:25'),
(186, 44, 1000, '185.00', '2017-05-15 14:04:36', '2017-05-15 14:04:36'),
(187, 45, 10, '34.90', '2017-05-15 14:05:38', '2017-05-15 14:05:38'),
(188, 45, 25, '64.90', '2017-05-15 14:06:33', '2017-05-15 14:06:33'),
(189, 45, 50, '94.90', '2017-05-15 14:07:25', '2017-05-15 14:07:25'),
(190, 45, 100, '167.90', '2017-05-15 14:07:40', '2017-05-15 14:07:40'),
(191, 46, 10, '46.90', '2017-05-15 14:08:38', '2017-05-15 14:08:38'),
(192, 46, 25, '78.90', '2017-05-15 14:08:58', '2017-05-15 14:08:58'),
(193, 46, 50, '109.90', '2017-05-15 14:09:24', '2017-05-15 14:09:24'),
(194, 46, 100, '206.90', '2017-05-15 14:09:39', '2017-05-15 14:09:39'),
(195, 47, 10, '49.90', '2017-05-15 14:11:15', '2017-05-15 14:11:15'),
(196, 47, 25, '74.90', '2017-05-15 14:12:49', '2017-05-15 14:12:49'),
(197, 47, 50, '101.90', '2017-05-15 14:13:05', '2017-05-15 14:13:05'),
(198, 47, 100, '197.90', '2017-05-15 14:13:16', '2017-05-15 14:13:16'),
(199, 48, 10, '50.90', '2017-05-15 14:14:24', '2017-05-15 14:14:24'),
(200, 48, 25, '79.90', '2017-05-15 14:14:39', '2017-05-15 14:14:39'),
(201, 48, 50, '125.90', '2017-05-15 14:14:49', '2017-05-15 14:14:49'),
(202, 48, 100, '234.90', '2017-05-15 14:15:03', '2017-05-15 14:15:03'),
(203, 49, 10, '25.90', '2017-05-15 14:22:58', '2017-05-15 14:22:58'),
(204, 49, 25, '49.90', '2017-05-15 14:25:33', '2017-05-15 14:25:33'),
(205, 49, 50, '69.90', '2017-05-15 14:25:52', '2017-05-15 14:25:52'),
(206, 49, 100, '131.90', '2017-05-15 14:26:14', '2017-05-15 14:26:14'),
(207, 49, 250, '230.90', '2017-05-15 14:27:06', '2017-05-15 14:29:21'),
(208, 49, 500, '304.90', '2017-05-15 14:27:26', '2017-05-15 14:29:29'),
(209, 49, 1000, '404.90', '2017-05-15 14:29:48', '2017-05-15 14:29:48'),
(210, 16, 1000, '333.90', '2017-05-15 14:30:19', '2017-05-15 14:30:19'),
(211, 50, 10, '21.90', '2017-05-15 14:31:11', '2017-05-15 14:31:11'),
(212, 50, 25, '41.90', '2017-05-15 14:31:38', '2017-05-15 14:31:38'),
(213, 50, 50, '60.90', '2017-05-15 14:31:56', '2017-05-15 14:31:56'),
(214, 50, 100, '94.90', '2017-05-15 14:32:15', '2017-05-15 14:32:15'),
(215, 50, 250, '193.90', '2017-05-15 14:32:30', '2017-05-15 14:32:30'),
(216, 50, 500, '239.90', '2017-05-15 14:32:41', '2017-05-15 14:32:41'),
(217, 50, 1000, '343.90', '2017-05-15 14:33:00', '2017-05-15 14:33:00'),
(218, 51, 10, '33.90', '2017-05-15 14:34:14', '2017-05-15 14:34:14'),
(219, 51, 25, '61.90', '2017-05-15 14:34:32', '2017-05-15 14:34:32'),
(220, 51, 50, '78.90', '2017-05-15 14:34:51', '2017-05-15 14:34:51'),
(221, 51, 100, '143.90', '2017-05-15 14:35:03', '2017-05-15 14:35:03'),
(222, 51, 250, '277.90', '2017-05-15 14:36:26', '2017-05-15 14:36:26'),
(223, 51, 500, '461.90', '2017-05-15 14:36:51', '2017-05-15 14:36:51'),
(224, 51, 1000, '564.90', '2017-05-15 14:37:06', '2017-05-15 14:37:06'),
(225, 52, 20, '34.90', '2017-05-15 14:47:43', '2017-05-15 14:47:43'),
(226, 52, 30, '49.90', '2017-05-15 14:47:57', '2017-05-15 14:47:57'),
(227, 52, 40, '64.90', '2017-05-15 14:49:54', '2017-05-15 14:49:54'),
(228, 52, 50, '76.90', '2017-05-15 14:50:10', '2017-05-15 14:50:10'),
(229, 52, 100, '124.90', '2017-05-15 14:53:06', '2017-05-15 14:53:06'),
(230, 53, 20, '49.90', '2017-05-15 14:53:45', '2017-05-15 14:53:45'),
(231, 53, 30, '67.90', '2017-05-15 14:53:55', '2017-05-15 14:53:55'),
(232, 53, 40, '86.90', '2017-05-15 14:54:14', '2017-05-15 14:54:14'),
(233, 53, 50, '102.90', '2017-05-15 14:54:26', '2017-05-15 14:54:26'),
(234, 53, 100, '162.90', '2017-05-15 14:54:37', '2017-05-15 14:54:37'),
(235, 54, 20, '60.90', '2017-05-15 14:55:18', '2017-05-15 14:55:18'),
(236, 54, 30, '89.90', '2017-05-15 14:55:34', '2017-05-15 14:55:34'),
(237, 54, 40, '119.90', '2017-05-15 14:55:47', '2017-05-15 14:55:47'),
(238, 54, 50, '140.90', '2017-05-15 14:56:08', '2017-05-15 14:56:08'),
(239, 54, 100, '253.90', '2017-05-15 14:56:25', '2017-05-15 14:56:25'),
(240, 55, 1, '13.50', '2017-05-15 14:58:52', '2017-05-15 14:58:52'),
(241, 55, 2, '20.50', '2017-05-15 14:59:02', '2017-05-15 14:59:02'),
(242, 55, 3, '29.90', '2017-05-15 14:59:13', '2017-05-15 14:59:13'),
(243, 55, 4, '36.90', '2017-05-15 14:59:23', '2017-05-15 14:59:23'),
(244, 55, 5, '44.90', '2017-05-15 14:59:32', '2017-05-15 14:59:32'),
(245, 55, 6, '53.85', '2017-05-15 14:59:50', '2017-05-15 14:59:50'),
(246, 55, 7, '59.95', '2017-05-15 15:00:05', '2017-05-15 15:00:05'),
(247, 55, 8, '66.10', '2017-05-15 15:00:20', '2017-05-15 15:00:20'),
(248, 55, 9, '72.20', '2017-05-15 15:00:31', '2017-05-15 15:00:31'),
(249, 55, 10, '79.95', '2017-05-15 15:00:41', '2017-05-15 15:00:41'),
(250, 55, 15, '102.50', '2017-05-15 15:00:56', '2017-05-15 15:00:56'),
(251, 55, 20, '137.10', '2017-05-15 15:01:07', '2017-05-15 15:01:07'),
(252, 55, 25, '149.95', '2017-05-15 15:01:24', '2017-05-15 15:01:24'),
(253, 55, 50, '295.90', '2017-05-15 15:01:47', '2017-05-15 15:01:47'),
(254, 55, 100, '590.10', '2017-05-15 15:01:59', '2017-05-15 15:01:59'),
(255, 55, 250, '1292.15', '2017-05-15 15:02:17', '2017-05-15 15:02:17'),
(256, 56, 1, '28.00', '2017-05-15 15:28:50', '2017-05-15 15:28:50'),
(257, 57, 1, '31.90', '2017-05-15 15:29:07', '2017-05-15 15:29:07'),
(258, 58, 1, '40.90', '2017-05-15 15:29:19', '2017-05-15 15:29:19'),
(259, 59, 1, '43.90', '2017-05-15 15:29:43', '2017-05-15 15:29:43'),
(260, 60, 1, '46.90', '2017-05-15 15:29:58', '2017-05-15 15:29:58'),
(261, 61, 1, '53.90', '2017-05-15 15:30:18', '2017-05-15 15:30:18'),
(262, 62, 1, '60.90', '2017-05-15 15:30:40', '2017-05-15 15:30:40'),
(263, 63, 1, '64.90', '2017-05-15 15:31:08', '2017-05-15 15:31:08'),
(264, 64, 1, '69.90', '2017-05-15 15:31:23', '2017-05-15 15:31:23'),
(265, 65, 1, '74.90', '2017-05-15 15:31:42', '2017-05-15 15:31:42'),
(266, 66, 1, '85.90', '2017-05-15 15:32:07', '2017-05-15 15:32:07'),
(267, 67, 1, '97.90', '2017-05-15 15:32:28', '2017-05-15 15:32:28'),
(268, 68, 1, '32.90', '2017-05-15 15:44:27', '2017-05-15 15:44:27'),
(269, 69, 1, '38.90', '2017-05-15 15:44:46', '2017-05-15 15:44:46'),
(270, 70, 1, '44.90', '2017-05-15 15:45:05', '2017-05-15 15:45:05'),
(271, 71, 1, '43.90', '2017-05-15 15:45:43', '2017-05-15 15:45:43'),
(272, 72, 1, '49.90', '2017-05-15 16:03:17', '2017-05-15 16:03:17'),
(273, 73, 1, '50.90', '2017-05-15 16:03:35', '2017-05-15 16:03:35'),
(274, 74, 1, '51.90', '2017-05-15 16:04:01', '2017-05-15 16:04:01'),
(275, 75, 1, '59.90', '2017-05-15 16:04:24', '2017-05-15 16:04:24'),
(276, 76, 1, '58.90', '2017-05-15 16:04:42', '2017-05-15 16:04:42'),
(277, 77, 1, '64.90', '2017-05-15 16:05:16', '2017-05-15 16:05:16'),
(279, 78, 1, '154.90', '2017-05-15 16:06:37', '2017-05-15 16:06:37'),
(280, 79, 1, '104.90', '2017-05-15 16:06:58', '2017-05-15 16:06:58'),
(281, 80, 25, '34.90', '2017-06-01 09:11:14', '2017-06-01 09:11:14'),
(282, 80, 50, '39.90', '2017-06-01 09:11:44', '2017-06-01 09:11:44'),
(283, 80, 100, '56.90', '2017-06-01 09:12:21', '2017-06-01 09:12:21'),
(284, 80, 250, '114.90', '2017-06-01 09:12:51', '2017-06-01 09:12:51'),
(285, 80, 1000, '211.90', '2017-06-01 09:13:32', '2017-06-01 09:13:32'),
(286, 80, 500, '169.90', '2017-06-01 09:14:08', '2017-06-01 09:14:08'),
(287, 81, 25, '29.90', '2017-06-01 09:15:08', '2017-06-01 09:15:08'),
(288, 81, 50, '34.90', '2017-06-01 09:15:48', '2017-06-01 09:15:48'),
(289, 81, 100, '47.90', '2017-06-01 09:16:22', '2017-06-01 09:16:22'),
(290, 81, 250, '67.90', '2017-06-01 09:16:57', '2017-06-01 09:16:57'),
(291, 81, 500, '107.90', '2017-06-01 09:17:46', '2017-06-01 09:17:46'),
(292, 81, 1000, '167.90', '2017-06-01 09:18:22', '2017-06-01 09:18:22'),
(293, 82, 25, '44.90', '2017-06-01 09:23:02', '2017-06-01 09:23:02'),
(294, 82, 50, '74.90', '2017-06-01 09:23:27', '2017-06-01 09:23:27'),
(295, 82, 100, '126.90', '2017-06-01 09:23:55', '2017-06-01 09:23:55'),
(296, 82, 250, '176.90', '2017-06-01 09:24:19', '2017-06-01 09:24:19'),
(297, 82, 500, '284.90', '2017-06-01 09:24:41', '2017-06-01 09:24:41'),
(298, 83, 100, '29.90', '2017-06-01 13:35:16', '2017-06-01 13:35:16'),
(299, 83, 250, '39.90', '2017-06-01 13:35:32', '2017-06-01 13:35:32'),
(300, 83, 500, '68.90', '2017-06-01 13:35:48', '2017-06-01 13:35:48'),
(301, 83, 1000, '120.90', '2017-06-01 13:36:03', '2017-06-01 13:36:03'),
(302, 84, 100, '36.90', '2017-06-01 13:36:30', '2017-06-01 13:36:30'),
(303, 84, 250, '46.90', '2017-06-01 13:36:46', '2017-06-01 13:36:46'),
(304, 84, 500, '80.90', '2017-06-01 13:37:00', '2017-06-01 13:37:00'),
(305, 84, 1000, '138.90', '2017-06-01 13:37:15', '2017-06-01 13:37:15'),
(306, 85, 100, '39.90', '2017-06-01 13:37:57', '2017-06-01 13:37:57'),
(307, 85, 250, '54.90', '2017-06-01 13:38:09', '2017-06-01 13:38:09'),
(308, 85, 500, '85.90', '2017-06-01 13:38:30', '2017-06-01 13:38:30'),
(309, 85, 1000, '154.90', '2017-06-01 13:39:18', '2017-06-01 13:39:18'),
(310, 87, 5, '70.00', '2017-06-01 13:54:36', '2017-06-01 13:54:36'),
(311, 87, 10, '98.00', '2017-06-01 13:54:55', '2017-06-01 13:54:55'),
(312, 87, 20, '155.00', '2017-06-01 13:55:12', '2017-06-01 13:55:12'),
(313, 87, 30, '182.00', '2017-06-01 13:55:30', '2017-06-01 13:55:30'),
(314, 87, 40, '225.00', '2017-06-01 13:55:50', '2017-06-01 13:55:50'),
(315, 88, 5, '100.00', '2017-06-01 13:56:56', '2017-06-01 13:56:56'),
(316, 88, 10, '145.00', '2017-06-01 13:57:09', '2017-06-01 13:57:09'),
(317, 88, 20, '242.00', '2017-06-01 13:57:23', '2017-06-01 13:57:23'),
(318, 88, 30, '279.00', '2017-06-01 13:57:44', '2017-06-01 13:57:44'),
(319, 88, 40, '332.00', '2017-06-01 13:58:01', '2017-06-01 13:58:01'),
(320, 89, 5, '89.00', '2017-06-01 13:59:00', '2017-06-01 13:59:00'),
(321, 89, 10, '150.00', '2017-06-01 13:59:12', '2017-06-01 13:59:12'),
(322, 89, 20, '205.00', '2017-06-01 13:59:25', '2017-06-01 13:59:25'),
(323, 89, 30, '265.00', '2017-06-01 13:59:45', '2017-06-01 13:59:45'),
(324, 89, 40, '290.00', '2017-06-01 14:00:11', '2017-06-01 14:00:11'),
(325, 90, 5, '115.00', '2017-06-01 14:01:29', '2017-06-01 14:01:29'),
(326, 90, 10, '196.00', '2017-06-01 14:01:41', '2017-06-01 14:01:41'),
(327, 90, 20, '325.00', '2017-06-01 14:01:56', '2017-06-01 14:01:56'),
(328, 90, 30, '362.00', '2017-06-01 14:02:15', '2017-06-01 14:02:15'),
(329, 90, 40, '479.00', '2017-06-01 14:03:46', '2017-06-01 14:03:46'),
(330, 91, 5, '67.00', '2017-06-01 14:06:56', '2017-06-01 14:06:56'),
(331, 91, 10, '110.00', '2017-06-01 14:07:57', '2017-06-01 14:07:57'),
(332, 91, 20, '160.00', '2017-06-01 14:08:14', '2017-06-01 14:08:14'),
(334, 91, 30, '200.00', '2017-06-01 14:09:06', '2017-06-01 14:09:06'),
(335, 91, 40, '240.00', '2017-06-01 14:09:25', '2017-06-01 14:09:25'),
(336, 92, 5, '98.00', '2017-06-01 14:10:21', '2017-06-01 14:10:21'),
(337, 92, 10, '145.00', '2017-06-01 14:10:33', '2017-06-01 14:10:33'),
(338, 92, 20, '265.00', '2017-06-01 14:10:47', '2017-06-01 14:10:47'),
(339, 92, 30, '307.00', '2017-06-01 14:11:01', '2017-06-01 14:11:01'),
(340, 92, 40, '359.00', '2017-06-01 14:11:19', '2017-06-01 14:11:19'),
(341, 93, 50, '29.00', '2017-06-01 14:23:49', '2017-06-01 14:23:49'),
(342, 93, 100, '40.00', '2017-06-01 14:24:06', '2017-06-01 14:24:06'),
(343, 93, 250, '46.00', '2017-06-01 14:24:27', '2017-06-01 14:24:27'),
(344, 93, 500, '74.00', '2017-06-01 14:24:50', '2017-06-01 14:24:50'),
(345, 93, 750, '85.00', '2017-06-01 14:25:06', '2017-06-01 14:25:06'),
(346, 93, 1000, '94.00', '2017-06-01 14:25:24', '2017-06-01 14:25:24'),
(347, 93, 2500, '142.00', '2017-06-01 14:25:41', '2017-06-01 14:25:41'),
(348, 93, 5000, '239.00', '2017-06-01 14:25:59', '2017-06-01 14:25:59'),
(349, 94, 50, '32.00', '2017-06-01 14:26:27', '2017-06-01 14:26:27'),
(350, 94, 100, '43.00', '2017-06-01 14:26:50', '2017-06-01 14:27:43'),
(351, 94, 250, '50.00', '2017-06-01 14:28:37', '2017-06-01 14:28:37'),
(352, 94, 500, '86.00', '2017-06-01 14:29:44', '2017-06-01 14:31:25'),
(353, 94, 750, '95.00', '2017-06-01 14:30:08', '2017-06-01 14:32:33'),
(354, 94, 1000, '144.00', '2017-06-01 14:32:55', '2017-06-01 14:32:55'),
(355, 94, 2500, '183.00', '2017-06-01 14:33:17', '2017-06-01 14:33:17'),
(356, 94, 5000, '378.00', '2017-06-01 14:33:41', '2017-06-01 14:33:41'),
(357, 95, 50, '36.00', '2017-06-01 14:34:40', '2017-06-01 14:34:40'),
(358, 95, 100, '48.00', '2017-06-01 14:35:23', '2017-06-01 14:35:46'),
(359, 95, 250, '73.00', '2017-06-01 14:36:06', '2017-06-01 14:36:06'),
(360, 95, 500, '117.00', '2017-06-01 14:36:34', '2017-06-01 14:36:34'),
(361, 95, 750, '153.00', '2017-06-01 14:36:54', '2017-06-01 14:36:54'),
(362, 95, 1000, '181.00', '2017-06-01 14:37:27', '2017-06-01 14:37:27'),
(363, 95, 2500, '374.00', '2017-06-01 14:38:11', '2017-06-01 14:38:11'),
(364, 95, 5000, '711.00', '2017-06-01 14:38:38', '2017-06-01 14:38:38'),
(365, 96, 50, '39.00', '2017-06-01 14:41:15', '2017-06-01 14:41:15'),
(366, 96, 100, '52.00', '2017-06-01 14:41:45', '2017-06-01 14:41:45'),
(367, 96, 250, '81.00', '2017-06-01 14:42:18', '2017-06-01 14:42:18'),
(368, 96, 500, '125.00', '2017-06-01 14:43:24', '2017-06-01 14:43:24'),
(369, 96, 750, '166.00', '2017-06-01 14:43:46', '2017-06-01 14:43:46'),
(370, 96, 1000, '194.00', '2017-06-01 14:44:08', '2017-06-01 14:44:08'),
(371, 96, 2500, '386.00', '2017-06-01 14:44:29', '2017-06-01 14:44:29'),
(372, 96, 5000, '736.00', '2017-06-01 14:45:15', '2017-06-01 14:45:15'),
(373, 97, 50, '46.00', '2017-06-01 14:45:58', '2017-06-01 14:45:58'),
(374, 97, 100, '90.00', '2017-06-01 14:46:19', '2017-06-01 14:46:19'),
(375, 97, 250, '146.00', '2017-06-01 14:46:36', '2017-06-01 14:46:36'),
(376, 97, 500, '222.00', '2017-06-01 14:47:09', '2017-06-01 14:47:09'),
(377, 97, 750, '246.00', '2017-06-01 14:47:29', '2017-06-01 14:47:29'),
(378, 97, 1000, '426.00', '2017-06-01 14:48:04', '2017-06-01 14:48:04'),
(379, 97, 2500, '921.00', '2017-06-01 14:48:29', '2017-06-01 14:48:29'),
(380, 97, 5000, '1755.00', '2017-06-01 14:49:11', '2017-06-01 14:49:11'),
(381, 98, 100, '18.90', '2017-06-02 06:20:12', '2017-06-02 06:20:12'),
(382, 98, 250, '27.90', '2017-06-02 06:20:30', '2017-06-02 06:20:30'),
(383, 98, 500, '33.90', '2017-06-02 06:21:00', '2017-06-02 06:21:00'),
(384, 98, 1000, '44.90', '2017-06-02 06:21:28', '2017-06-02 06:21:28'),
(385, 98, 2500, '64.90', '2017-06-02 06:21:47', '2017-06-02 06:21:47'),
(386, 99, 100, '20.90', '2017-06-02 06:22:45', '2017-06-02 06:22:45'),
(387, 99, 250, '29.90', '2017-06-02 06:23:01', '2017-06-02 06:23:01'),
(388, 99, 500, '34.90', '2017-06-02 06:23:16', '2017-06-02 06:23:16'),
(389, 99, 1000, '49.90', '2017-06-02 06:24:15', '2017-06-02 06:24:15'),
(390, 99, 2500, '65.90', '2017-06-02 06:24:34', '2017-06-02 06:24:34'),
(391, 100, 100, '20.90', '2017-06-02 06:25:28', '2017-06-02 06:25:28'),
(392, 100, 250, '26.90', '2017-06-02 06:26:06', '2017-06-02 06:26:06'),
(393, 100, 500, '32.90', '2017-06-02 06:26:22', '2017-06-02 06:26:22'),
(394, 100, 1000, '45.90', '2017-06-02 06:26:49', '2017-06-02 06:26:49'),
(395, 100, 2500, '63.90', '2017-06-02 06:27:14', '2017-06-02 06:27:14'),
(396, 101, 100, '23.90', '2017-06-02 06:28:31', '2017-06-02 06:28:31'),
(397, 101, 250, '28.90', '2017-06-02 06:28:44', '2017-06-02 06:28:44'),
(398, 101, 500, '34.90', '2017-06-02 06:29:01', '2017-06-02 06:29:01'),
(399, 101, 1000, '54.90', '2017-06-02 06:29:18', '2017-06-02 06:29:18'),
(400, 101, 2500, '99.90', '2017-06-02 06:29:33', '2017-06-02 06:29:33'),
(401, 102, 100, '24.90', '2017-06-02 06:32:00', '2017-06-02 06:32:00'),
(402, 102, 250, '33.90', '2017-06-02 06:33:20', '2017-06-02 06:33:20'),
(403, 102, 500, '38.90', '2017-06-02 06:33:38', '2017-06-02 06:33:38'),
(404, 102, 1000, '55.90', '2017-06-02 06:34:09', '2017-06-02 06:34:09'),
(405, 102, 2500, '71.90', '2017-06-02 06:35:06', '2017-06-02 06:35:06'),
(406, 103, 100, '24.90', '2017-06-02 06:59:27', '2017-06-02 06:59:27'),
(407, 103, 250, '33.90', '2017-06-02 07:01:26', '2017-06-02 07:01:26'),
(408, 103, 500, '38.90', '2017-06-02 07:01:53', '2017-06-02 07:01:53'),
(409, 103, 1000, '55.90', '2017-06-02 07:02:18', '2017-06-02 07:02:18'),
(410, 103, 2500, '71.90', '2017-06-02 07:02:55', '2017-06-02 07:02:55'),
(411, 104, 100, '29.90', '2017-06-02 07:05:13', '2017-06-02 07:05:13'),
(412, 104, 250, '41.90', '2017-06-02 07:06:15', '2017-06-02 07:06:15'),
(413, 104, 500, '46.90', '2017-06-02 07:06:45', '2017-06-02 07:06:45'),
(414, 104, 1000, '61.90', '2017-06-02 07:07:10', '2017-06-02 07:07:10'),
(415, 104, 2500, '81.90', '2017-06-02 07:07:46', '2017-06-02 07:07:46'),
(416, 105, 100, '24.90', '2017-06-02 07:09:08', '2017-06-02 07:09:08'),
(417, 105, 250, '36.90', '2017-06-02 07:09:44', '2017-06-02 07:09:44'),
(418, 105, 500, '43.90', '2017-06-02 07:10:20', '2017-06-02 07:10:20'),
(419, 105, 1000, '61.90', '2017-06-02 07:10:58', '2017-06-02 07:10:58'),
(420, 105, 2500, '93.90', '2017-06-02 07:11:34', '2017-06-02 07:11:34'),
(421, 106, 100, '28.90', '2017-06-02 07:13:09', '2017-06-02 07:13:09'),
(422, 106, 250, '39.90', '2017-06-02 07:13:30', '2017-06-02 07:13:30'),
(423, 106, 500, '46.90', '2017-06-02 07:14:04', '2017-06-02 07:14:04'),
(424, 106, 1000, '69.90', '2017-06-02 07:14:35', '2017-06-02 07:14:35'),
(425, 106, 2500, '126.90', '2017-06-02 07:15:15', '2017-06-02 07:15:15'),
(426, 107, 100, '21.90', '2017-06-02 13:41:44', '2017-06-02 13:41:44'),
(427, 107, 250, '29.90', '2017-06-02 13:41:59', '2017-06-02 13:41:59'),
(428, 107, 500, '49.90', '2017-06-02 13:42:22', '2017-06-02 13:42:22'),
(429, 107, 1000, '70.90', '2017-06-02 13:42:48', '2017-06-02 13:42:48'),
(430, 108, 100, '30.90', '2017-06-02 13:43:28', '2017-06-02 13:43:28'),
(431, 108, 250, '48.90', '2017-06-02 13:43:43', '2017-06-02 13:43:43'),
(432, 108, 500, '69.90', '2017-06-02 13:43:55', '2017-06-02 13:43:55'),
(433, 108, 1000, '79.90', '2017-06-02 13:44:09', '2017-06-02 13:44:09'),
(434, 109, 100, '35.90', '2017-06-02 13:44:46', '2017-06-02 13:44:46'),
(435, 109, 250, '52.90', '2017-06-02 13:45:19', '2017-06-02 13:45:19'),
(436, 109, 500, '74.90', '2017-06-02 13:45:34', '2017-06-02 13:45:34'),
(437, 109, 1000, '80.90', '2017-06-02 13:45:53', '2017-06-02 13:45:53'),
(438, 110, 100, '38.90', '2017-06-02 13:46:41', '2017-06-02 13:46:41'),
(439, 110, 250, '58.90', '2017-06-02 13:46:55', '2017-06-02 13:46:55'),
(440, 110, 500, '79.90', '2017-06-02 13:47:09', '2017-06-02 13:47:09'),
(441, 110, 1000, '85.90', '2017-06-02 13:47:23', '2017-06-02 13:47:23'),
(442, 111, 100, '100.00', '2017-06-06 13:12:50', '2017-06-06 13:12:50');

-- --------------------------------------------------------

--
-- Estructura de tabla para la tabla `productos`
--

CREATE TABLE `productos` (
  `id` int(10) UNSIGNED NOT NULL,
  `idCategoria` int(11) NOT NULL,
  `name` varchar(255) COLLATE utf8_unicode_ci NOT NULL,
  `cover` text COLLATE utf8_unicode_ci NOT NULL,
  `image` text COLLATE utf8_unicode_ci NOT NULL,
  `footer_image` text COLLATE utf8_unicode_ci NOT NULL COMMENT 'pie de foto',
  `description` text COLLATE utf8_unicode_ci NOT NULL,
  `created_at` timestamp NULL DEFAULT NULL,
  `updated_at` timestamp NULL DEFAULT NULL
) ENGINE=InnoDB DEFAULT CHARSET=utf8 COLLATE=utf8_unicode_ci;

--
-- Volcado de datos para la tabla `productos`
--

INSERT INTO `productos` (`id`, `idCategoria`, `name`, `cover`, `image`, `footer_image`, `description`, `created_at`, `updated_at`) VALUES
(1, 1, 'Tarjetas de visita simples', 'tj_simple.jpg', 'tarjetas_de_visita_simples.jpg', 'esto es prueba', 'aasdada da da asd adad', '2017-01-13 15:41:50', '2017-01-13 15:41:50'),
(2, 1, 'Tarjetas de visita cantos redondos', 'tarjeta_canto_redondo.jpg', '', '', '', '2017-01-19 11:45:22', '2017-01-19 11:45:22'),
(3, 1, 'Tarjetas de visita dobles', 'tj_doblada.jpg', '', 'testeo', '', '2017-01-19 11:45:22', '2017-06-15 10:50:45'),
(4, 1, 'Tarjetas de visita plásticas / PVC', 'tj_plastico.jpg', '', 'test', '', '2017-01-19 11:45:22', '2017-06-15 10:50:14'),
(5, 2, 'Flyers', 'flyers.jpg', '', '', '', '2017-01-19 11:45:22', '2017-01-19 11:45:22'),
(6, 2, 'Folletos Doblados', 'flyer_doblado.jpg', '', '', '', '2017-01-19 11:45:22', '2017-01-19 11:45:22'),
(7, 2, 'Flyers papel de colores', 'flyers_colores.jpg', '', '', '', '2017-01-19 11:45:22', '2017-01-19 11:45:22'),
(8, 3, 'Carteles pequeño formato', 'cartel_pequeno.jpg ', '', '', '', '2017-01-19 11:45:22', '2017-01-19 11:45:22'),
(9, 3, 'Carteles gran formato', 'cartel_grande.jpg', '', '', '', '2017-01-19 11:45:22', '2017-01-19 11:45:22'),
(10, 5, 'Expositor Lona', 'exps_lonas.jpg', '', '', '', '2017-01-19 11:45:22', '2017-01-19 11:45:22'),
(11, 6, 'Carpetas normales', 'carpeta_normal.jpg', '', '', '', '2017-01-19 11:45:23', '2017-01-19 11:45:23'),
(12, 6, 'Carpetas con solapa', 'carpeta_doblada.jpg', '', '', '', '2017-01-19 11:45:23', '2017-01-19 11:45:23'),
(13, 7, 'Talonario Autcopiativo A4 Duplicado', 'talonarios.jpg', '', '', '', '2017-01-19 11:45:23', '2017-01-19 11:45:23'),
(14, 7, 'Talonario Autcopiativo A4 Triplicado', 'talonarios.jpg', '', '', '', '2017-01-19 11:45:23', '2017-01-19 11:45:23'),
(15, 7, 'Talonario Autcopiativo A5 Duplicado', 'talonarios.jpg', '', '', '', '2017-01-19 11:45:23', '2017-01-19 11:45:23'),
(16, 7, 'Talonario Autcopiativo A5 Triplicado', 'talonarios.jpg', '', '', '', '2017-01-19 11:45:23', '2017-01-19 11:45:23'),
(17, 7, 'Talonario Autcopiativo A6 Duplicado', 'talonarios.jpg', '', '', '', '2017-01-19 11:45:23', '2017-01-19 11:45:23'),
(18, 7, 'Talonario Autcopiativo A6 Triplicado', 'talonarios.jpg', '', '', '', '2017-01-19 11:45:23', '2017-01-19 11:45:23'),
(19, 7, 'Talonario Autcopiativo Americano Duplicado', 'talonarios.jpg', '', '', '', '2017-01-19 11:45:23', '2017-01-19 11:45:23'),
(20, 7, 'Talonario Autcopiativo A4 Triplicado', 'talonarios.jpg', '', '', '', '2017-01-19 11:45:23', '2017-01-19 11:45:23'),
(21, 8, 'Libros / Revistas / Catálogos', '', '', '', '', '2017-01-19 11:45:23', '2017-01-19 11:45:23'),
(22, 9, 'Entradas', 'entradas.jpg', '', '', '', '2017-01-19 11:45:23', '2017-01-19 11:45:23'),
(23, 10, 'Calendarios De Pared', 'calend_pared.jpg', '', '', '', '2017-01-19 11:45:23', '2017-01-19 11:45:23'),
(24, 11, 'Libretas Personalizadas', '', '', '', '', '2017-01-19 11:45:23', '2017-01-19 11:45:23'),
(25, 12, 'Vinilo adhesivo formas personalizadas entre en rollo', '', '', '', '', '2017-01-19 11:45:23', '2017-01-19 11:45:23'),
(26, 12, 'Papel adhesivo formas rectangulares entrega individual', '', '', '', '', '2017-01-19 11:45:23', '2017-01-19 11:45:23'),
(27, 13, 'Vinilo adhesivo económico impreso', 'vinilo.jpg', '', '', '', '2017-01-19 11:45:23', '2017-01-19 11:45:23'),
(28, 13, 'Vinilo adhesivo alta calidad impreso', 'vinilo.jpg', '', '', '', '2017-01-19 11:45:23', '2017-01-19 11:45:23'),
(29, 13, 'Vinilo adhesivo microperforado impreso', 'vinilo.jpg', '', '', '', '2017-01-19 11:45:23', '2017-01-19 11:45:23'),
(30, 13, 'Vinilo adhesivo ácido impreso', 'vinilo.jpg', '', '', '', '2017-01-19 11:45:23', '2017-01-19 11:45:23'),
(31, 13, 'Vinilo Decorativo De Corte', 'vinilo.jpg', '', '', '', '2017-01-19 11:45:23', '2017-01-19 11:45:23'),
(32, 14, 'Lonas / Pancartas', '', '', '', '', '2017-01-19 11:45:23', '2017-01-19 11:45:23'),
(33, 15, 'Manteles', 'manteles.jpg', '', '', '', '2017-01-19 11:45:23', '2017-01-19 11:45:23'),
(34, 15, 'Cartas', '', '', '', '', '2017-01-19 11:45:23', '2017-01-19 11:45:23'),
(35, 15, 'Mini Totems', '', '', '', '', '2017-01-19 11:45:23', '2017-01-19 11:45:23'),
(36, 16, 'Fotocuadro en bastidor de madera', '', '', '', '', '2017-01-19 11:45:23', '2017-01-19 11:45:23'),
(37, 16, 'Foto/Poster en cartón pluma', 'fotocuadro_carton_pluma.jpg', '', '', '', '2017-01-19 11:45:23', '2017-01-19 11:45:23'),
(38, 19, 'Placas Metacrilato', '', '', '', '', '2017-01-19 11:45:23', '2017-01-19 11:45:23'),
(39, 20, 'Documentos Online', '', '', '', '', '2017-01-19 11:45:23', '2017-01-19 11:45:23'),
(40, 22, 'Diseño Gráfico', '', '', '', '', '2017-01-19 11:45:23', '2017-01-19 11:45:23'),
(41, 23, 'Letras Corporeas', '', '', '', '', '2017-01-19 11:45:23', '2017-01-19 11:45:23'),
(42, 24, 'Sobres Americanos', '', '', '', '', '2017-01-19 11:45:23', '2017-01-19 11:45:23'),
(43, 25, 'Camisetas Personalizadas', 'camisetas.jpg', '', '', '', '2017-01-19 11:45:23', '2017-01-19 11:45:23'),
(44, 26, 'Marcapáginas', '', '', '', '', '2017-01-19 11:45:23', '2017-01-19 11:45:23'),
(45, 21, 'Trofeos', 'trofeos.jpg', '', '', '', '2017-01-20 15:33:16', '2017-01-20 15:33:16'),
(46, 21, 'Placas', '', '', '', '', '2017-01-20 15:33:16', '2017-01-20 15:33:16'),
(47, 21, 'Copas', 'copas.jpg', '', '', '', '2017-01-20 15:33:16', '2017-01-20 15:33:16'),
(48, 28, 'Encendedor', 'mecheros.jpg', '', '', '', '2017-01-20 15:33:16', '2017-01-20 15:33:16'),
(49, 28, 'Bolígrafos ', 'boligrafos.jpg', '', '', '', '2017-01-20 15:33:16', '2017-01-20 15:33:16'),
(50, 28, 'Pen Drive', 'pen_drive.jpg', '', '', '', '2017-01-20 15:33:16', '2017-01-20 15:33:16'),
(51, 28, 'Llaveros', 'llaveros.jpg', '', '', '', '2017-01-20 15:33:16', '2017-01-20 15:33:16'),
(52, 28, 'Gorras', 'gorras.jpg', '', '', '', '2017-01-20 15:33:16', '2017-01-20 15:33:16'),
(53, 28, 'Bolsas De Tela', 'bolsas.jpg', '', '', '', '2017-01-20 15:33:16', '2017-01-20 15:33:16'),
(54, 4, 'Tazas Blancas', 'taza_blanca.jpg', '', '', '', '2017-01-20 15:33:16', '2017-01-20 15:33:16'),
(55, 4, 'Tazas De Color', 'taza_asa_de_color.jpg', '', '', '', '2017-01-20 15:33:16', '2017-01-20 15:33:16'),
(56, 4, 'Tazas Translucidas', '', '', '', '', '2017-01-20 15:33:16', '2017-01-20 15:33:16'),
(57, 4, 'Tazas De Corazón', 'taza_asa_corazon.jpg', '', '', '', '2017-01-20 15:33:16', '2017-01-20 15:33:16'),
(58, 4, 'Jarras De Cerveza', 'jarras.jpg', '', '', '', '2017-01-20 15:33:16', '2017-01-20 15:33:16'),
(59, 4, 'Cojines', 'cojines.jpg', '', '', '', '2017-01-20 15:33:16', '2017-01-20 15:33:16'),
(60, 4, 'Huchas', 'hucha.jpg', '', '', '', '2017-01-20 15:33:16', '2017-01-20 15:33:16'),
(61, 4, 'Ceniceros ', 'cenicero.jpg', '', '', '', '2017-01-20 15:33:16', '2017-01-20 15:33:16'),
(62, 4, 'Puzles', 'puzzle.jpg', '', '', '', '2017-01-20 15:33:16', '2017-01-20 15:33:16'),
(63, 4, 'Alfombrillas De Ratón', 'alfombrillas_raton.jpg', '', '', '', '2017-01-20 15:33:16', '2017-01-20 15:33:16'),
(64, 27, 'Camisetas', 'camisetas.jpg', '', '', '', '2017-01-20 15:33:16', '2017-01-20 15:33:16'),
(65, 27, 'Polos', 'polos.jpg', '', '', '', '2017-01-20 15:33:16', '2017-01-20 15:33:16'),
(66, 27, 'Sudaderas', 'sudaderas.jpg', '', '', '', '2017-01-20 15:33:16', '2017-01-20 15:33:16'),
(67, 27, 'Ropa Laboral', 'ropa_laboral.jpg', '', '', '', '2017-01-20 15:33:16', '2017-01-20 15:33:16'),
(68, 27, 'Ropa Deportiva', 'equi_deportiva.jpg', '', '', '', '2017-01-20 15:33:16', '2017-01-20 15:33:16'),
(69, 27, 'Shoftshell', 'soft_shell.jpg', '', '', '', '2017-01-20 15:33:16', '2017-01-20 15:33:16'),
(70, 27, 'Forro Polar', '', '', '', '', '2017-01-20 15:33:16', '2017-01-20 15:33:16'),
(71, 5, 'Roll Up', 'roll_up.jpg', '', '', '', '2017-01-20 15:33:16', '2017-01-20 15:33:16'),
(72, 5, 'Photocall', 'photocoll.jpg', '', '', '', '2017-01-20 15:33:16', '2017-01-20 15:33:16'),
(73, 5, 'Expositores De Madera', 'exps_madera.jpg', '', '', '', '2017-01-20 15:33:16', '2017-01-20 15:33:16'),
(74, 17, 'Rotulación De Vehículos', '', '', '', '', '2017-01-20 15:33:16', '2017-01-20 15:33:16'),
(75, 10, 'Calendarios De mesa', 'calend_mesa.jpg', '', '', '', '2017-01-20 15:33:16', '2017-01-20 15:33:16'),
(76, 10, 'Calendarios De Bolsillo', 'calend_bolsillo.jpg', '', '', '', '2017-01-20 15:33:17', '2017-01-20 15:33:17'),
(77, 10, 'Calendarios De Imán', 'calend_iman.jpg', '', '', '', '2017-01-20 15:33:17', '2017-01-20 15:33:17'),
(78, 9, 'Papeletas Numeradas', 'rifa_n.jpg', '', '', '', '2017-01-20 15:33:17', '2017-01-20 15:33:17'),
(79, 18, 'Murales', '', '', '', '', '2017-01-20 15:50:43', '2017-01-20 15:50:43');

-- --------------------------------------------------------

--
-- Estructura de tabla para la tabla `type_price_products`
--

CREATE TABLE `type_price_products` (
  `id` int(10) UNSIGNED NOT NULL,
  `idProduct` int(10) UNSIGNED NOT NULL,
  `nameTypePrice` varchar(255) COLLATE utf8_unicode_ci NOT NULL,
  `created_at` timestamp NULL DEFAULT NULL,
  `updated_at` timestamp NULL DEFAULT NULL
) ENGINE=InnoDB DEFAULT CHARSET=utf8 COLLATE=utf8_unicode_ci;

--
-- Volcado de datos para la tabla `type_price_products`
--

INSERT INTO `type_price_products` (`id`, `idProduct`, `nameTypePrice`, `created_at`, `updated_at`) VALUES
(1, 1, 'Simples - 1 Cara', '2017-04-22 21:56:04', '2017-05-01 06:16:31'),
(2, 1, 'Simples - 2 Caras', '2017-04-22 22:19:39', '2017-04-22 22:19:39'),
(8, 5, 'A6 1 Cara', '2017-05-06 16:34:17', '2017-05-06 17:46:00'),
(9, 5, 'A5 1 Cara', '2017-05-06 16:34:55', '2017-05-06 17:46:07'),
(10, 42, 'Sobres Americanos sin ventana', '2017-05-08 06:15:30', '2017-05-08 06:15:30'),
(11, 42, 'Sobres Americanos con ventana', '2017-05-08 06:15:53', '2017-05-08 06:15:53'),
(12, 71, '85 X 200 Cm', '2017-05-08 06:29:30', '2017-05-08 06:29:30'),
(13, 71, '100 X 200 Cm', '2017-05-08 06:38:23', '2017-05-08 06:38:23'),
(14, 71, '150 X 200 Cm', '2017-05-08 06:38:44', '2017-05-08 06:38:44'),
(15, 54, 'Blancas', '2017-05-08 07:00:48', '2017-05-08 07:00:48'),
(16, 11, ' 1 cara - Carpetas Normales ', '2017-05-08 07:17:22', '2017-05-15 14:19:31'),
(17, 37, 'A4 (21 X 29,7) ', '2017-05-15 07:58:59', '2017-05-15 08:42:19'),
(18, 37, 'A3 (29,7 X 42)', '2017-05-15 08:00:46', '2017-05-15 08:42:33'),
(19, 37, 'A2 ( 42 X 59,4)', '2017-05-15 08:04:17', '2017-05-15 08:04:17'),
(20, 37, 'A1 (59,4 X 84,1)', '2017-05-15 08:06:14', '2017-05-15 08:06:14'),
(21, 37, 'A0 (84,1 X 118,9)', '2017-05-15 08:08:38', '2017-05-15 08:08:38'),
(22, 37, '50 X 70', '2017-05-15 08:10:14', '2017-05-15 08:10:14'),
(23, 37, '50 X 100', '2017-05-15 08:12:05', '2017-05-15 08:12:05'),
(24, 37, '70 X 100', '2017-05-15 08:13:38', '2017-05-15 08:13:38'),
(25, 37, '100 X 100', '2017-05-15 08:15:08', '2017-05-15 08:15:08'),
(26, 37, 'A4 ( 21 X 29,7) LAMINADO PREMIUM', '2017-05-15 08:44:39', '2017-05-15 08:44:39'),
(27, 37, 'A3 ( 29,7 X 42) LAMINADO PREMIUN', '2017-05-15 08:46:29', '2017-05-15 08:46:29'),
(28, 37, 'A2 ( 42 X 59,4) LAMINADO PREMIUM', '2017-05-15 08:49:07', '2017-05-15 08:49:54'),
(29, 37, 'A1 ( 59, 4 X 84,1) LAMINADO PREMIUM', '2017-05-15 08:52:00', '2017-05-15 09:04:02'),
(30, 37, 'A0 ( 84,1 X 118,9) LAMINADO PREMIUM', '2017-05-15 08:53:53', '2017-05-15 09:03:43'),
(31, 37, '50 X 70 LAMINADO PREMIUM', '2017-05-15 08:56:04', '2017-05-15 09:03:31'),
(32, 37, '50 X 100 LAMINADO PREMIUM', '2017-05-15 08:57:59', '2017-05-15 09:03:18'),
(33, 37, '70 X 100 LAMINADO PREMIUM', '2017-05-15 09:00:24', '2017-05-15 09:03:07'),
(34, 37, '100 X 100 LAMINADO PREMIUM', '2017-05-15 09:02:01', '2017-05-15 09:02:01'),
(35, 1, 'Laminado 1 cara', '2017-05-15 09:21:09', '2017-05-15 09:21:09'),
(36, 1, 'Laminado 2 caras', '2017-05-15 09:24:10', '2017-05-15 09:24:10'),
(37, 6, 'Dípticos ( A4) 29,7 X 21', '2017-05-15 09:30:17', '2017-05-15 09:30:17'),
(38, 6, 'Trípticos ( A4) ( 29,7 X 21cm)', '2017-05-15 09:32:57', '2017-05-15 09:32:57'),
(39, 44, '1 cara ( 15 x 5 cm)', '2017-05-15 13:34:47', '2017-05-15 13:34:47'),
(40, 44, '2 caras ( 15 x 5 cm)', '2017-05-15 13:37:53', '2017-05-15 13:37:53'),
(41, 44, '1 cara plastificado ( 15 x 5cm)', '2017-05-15 13:41:00', '2017-05-15 13:41:00'),
(42, 44, '2 caras Plastificado ( 15 x 5cm)', '2017-05-15 13:47:42', '2017-05-15 13:47:42'),
(43, 8, 'A4 ( 21 X 29,7cm)', '2017-05-15 13:53:46', '2017-05-15 13:53:46'),
(44, 8, 'A3 PLUS ( 32 X 45cm)', '2017-05-15 14:03:04', '2017-05-15 14:03:04'),
(45, 12, '1 Cara', '2017-05-15 14:05:20', '2017-05-15 14:05:20'),
(46, 12, '2 caras', '2017-05-15 14:08:11', '2017-05-15 14:08:11'),
(47, 12, '1 cara - Plastificado', '2017-05-15 14:10:04', '2017-05-15 14:10:04'),
(48, 12, '2 Caras - Plastificado', '2017-05-15 14:13:36', '2017-05-15 14:13:36'),
(49, 11, '2 caras - Carpetas Normales', '2017-05-15 14:21:52', '2017-05-15 14:21:52'),
(50, 11, '1 Cara Plastificada - Carpetas Normales', '2017-05-15 14:28:17', '2017-05-15 14:37:57'),
(51, 11, '2 Caras Plastificado - Carpetas Normales', '2017-05-15 14:33:22', '2017-05-15 14:37:48'),
(52, 34, 'A5 ( 14,8 x 21cm)', '2017-05-15 14:44:16', '2017-05-15 14:44:16'),
(53, 34, 'A4 ( 21 X 29,7cm)', '2017-05-15 14:53:32', '2017-05-15 14:53:32'),
(54, 34, 'A3 ( 29,7 X 42cm)', '2017-05-15 14:55:02', '2017-05-15 14:55:02'),
(55, 63, 'Alfombrilla Ratón', '2017-05-15 14:58:33', '2017-05-15 14:58:33'),
(56, 36, 'CUADRADO 20 x 20 cm.', '2017-05-15 15:06:55', '2017-05-15 15:12:25'),
(57, 36, 'CUADRADO 30 X 30 cm.', '2017-05-15 15:09:01', '2017-05-15 15:12:33'),
(58, 36, 'CUADRADO 40 X 40.', '2017-05-15 15:09:50', '2017-05-15 15:12:44'),
(59, 36, 'CUADRADO 50 X 50', '2017-05-15 15:10:03', '2017-05-15 15:12:51'),
(60, 36, 'CUADRADO 60 X 60', '2017-05-15 15:10:23', '2017-05-15 15:10:23'),
(61, 36, 'CUADRADO 70 X 70', '2017-05-15 15:10:42', '2017-05-15 15:10:42'),
(62, 36, 'CUADRADO 80 X 80', '2017-05-15 15:10:56', '2017-05-15 15:10:56'),
(63, 36, 'CUADRADO 90 X 90', '2017-05-15 15:11:07', '2017-05-15 15:11:07'),
(64, 36, 'CUADRADO 100 X 100', '2017-05-15 15:11:24', '2017-05-15 15:11:24'),
(65, 36, 'CUADRADO 110 X 110', '2017-05-15 15:11:37', '2017-05-15 15:11:37'),
(66, 36, 'CUADRADO 120 X 120', '2017-05-15 15:11:52', '2017-05-15 15:11:52'),
(67, 36, 'CUADRADO 130 X 130', '2017-05-15 15:12:02', '2017-05-15 15:12:02'),
(68, 36, 'RECTANGULARES 20 X 30', '2017-05-15 15:34:05', '2017-05-15 15:34:05'),
(69, 36, 'RECTANGULARES 30 X 40', '2017-05-15 15:34:18', '2017-05-15 15:34:18'),
(70, 36, 'RECTANGULARES 30 X 80', '2017-05-15 15:35:15', '2017-05-15 15:35:15'),
(71, 36, 'RECTANGULAR 40 X 60', '2017-05-15 15:35:47', '2017-05-15 15:35:47'),
(72, 36, 'RECTANGULARES 40 X 100', '2017-05-15 15:36:06', '2017-05-15 15:36:06'),
(73, 36, 'RECTANGULARES 50 X 70', '2017-05-15 15:36:21', '2017-05-15 15:36:21'),
(74, 36, 'RECTANGULARES 50 X 100', '2017-05-15 15:37:34', '2017-05-15 15:37:34'),
(75, 36, 'RECTANGULARES 50 X 130', '2017-05-15 15:38:26', '2017-05-15 15:38:26'),
(76, 36, 'RECTANGULARES 60 X 90', '2017-05-15 15:38:44', '2017-05-15 15:38:44'),
(77, 36, ' RECTANGULARES 70 X 100', '2017-05-15 15:39:08', '2017-05-15 15:39:08'),
(78, 36, 'RECTANGULARES 70 X 180', '2017-05-15 15:39:25', '2017-05-15 15:39:25'),
(79, 36, 'RECTANGULARES 100 X 140', '2017-05-15 15:41:11', '2017-05-15 15:41:11'),
(80, 33, 'Impresión a COLOR', '2017-06-01 09:10:48', '2017-06-01 09:10:48'),
(81, 33, 'Impresión en B/N', '2017-06-01 09:14:37', '2017-06-01 09:14:37'),
(82, 75, 'CALENDARIOS MESA', '2017-06-01 09:22:33', '2017-06-01 09:22:33'),
(83, 3, 'Dobles - 2 caras', '2017-06-01 13:35:00', '2017-06-01 13:35:00'),
(84, 3, 'Laminado exterior', '2017-06-01 13:36:18', '2017-06-01 13:36:18'),
(85, 3, 'Laminados - 2 caras', '2017-06-01 13:37:43', '2017-06-01 13:37:43'),
(87, 17, 'Duplicado NEGRO', '2017-06-01 13:50:55', '2017-06-01 13:50:55'),
(88, 17, 'Duplicado COLOR', '2017-06-01 13:56:42', '2017-06-01 13:56:42'),
(89, 16, 'TRIPLICADO NEGRO', '2017-06-01 13:58:47', '2017-06-01 14:01:09'),
(90, 16, 'TRIPLICADO COLOR', '2017-06-01 14:00:40', '2017-06-01 14:00:56'),
(91, 19, 'DUPLICADO NEGRO', '2017-06-01 14:06:25', '2017-06-01 14:06:25'),
(92, 19, 'DUPLICADO COLOR', '2017-06-01 14:10:00', '2017-06-01 14:10:00'),
(93, 25, '3 X 3 cm.', '2017-06-01 14:23:22', '2017-06-01 14:23:22'),
(94, 25, '5 x 5 cm.', '2017-06-01 14:26:11', '2017-06-01 14:26:11'),
(95, 25, '5 x 15 cm.', '2017-06-01 14:34:19', '2017-06-01 14:34:19'),
(96, 25, '10 x 10 cm.', '2017-06-01 14:40:40', '2017-06-01 14:40:58'),
(97, 25, '15 x 15 cm.', '2017-06-01 14:45:38', '2017-06-01 14:45:38'),
(98, 7, 'A6 ( 14,8 x 10,5 cm) IMPRESIÓN 1 CARA', '2017-06-02 06:19:07', '2017-06-02 06:19:56'),
(99, 7, 'A5 ( 21 x 14,8 cm) IMPRESIÓN 1 CARA', '2017-06-02 06:22:28', '2017-06-02 06:22:28'),
(100, 7, 'Americano ( 10 x 21 cm) IMPRESIÓN 1 CARA', '2017-06-02 06:25:09', '2017-06-02 06:25:09'),
(101, 7, 'A4 (29,7 x 21 cm) IMPRESIÓN 1 CARA', '2017-06-02 06:28:15', '2017-06-02 06:28:15'),
(102, 7, 'A6 ( 14,8 x 10,5 cm) IMPRESIÓN 2 CARAS', '2017-06-02 06:31:42', '2017-06-02 06:31:42'),
(103, 7, 'A5 ( 21x 14,8 cm) IMPRESIÓN 2 CARAS', '2017-06-02 06:35:52', '2017-06-02 06:35:52'),
(104, 7, 'A5 (21 x 14,8 cm) IMPRESIÓN 2 CARAS', '2017-06-02 07:04:52', '2017-06-02 07:04:52'),
(105, 7, 'Americano ( 10 x 21 cm) IMPRESIÓN 2 CARAS', '2017-06-02 07:08:42', '2017-06-02 07:08:42'),
(106, 7, 'A4 (`29,7 x 21) IMPRESIÓN 2 CARAS', '2017-06-02 07:12:40', '2017-06-02 07:12:40'),
(107, 2, 'Cantos Redondos 1 Cara.', '2017-06-02 13:41:24', '2017-06-02 13:41:24'),
(108, 2, 'Cantos Redondos 2 Caras.', '2017-06-02 13:43:09', '2017-06-02 13:43:09'),
(109, 2, 'Laminado 1 Cara.', '2017-06-02 13:44:32', '2017-06-02 13:44:32'),
(110, 2, 'Laminado 2 Caras.', '2017-06-02 13:46:06', '2017-06-02 13:46:06'),
(111, 32, 'test', '2017-06-06 13:12:30', '2017-06-06 13:12:30');

-- --------------------------------------------------------

--
-- Estructura de tabla para la tabla `users`
--

CREATE TABLE `users` (
  `id` int(10) UNSIGNED NOT NULL,
  `name` varchar(255) COLLATE utf8_unicode_ci NOT NULL,
  `email` varchar(255) COLLATE utf8_unicode_ci NOT NULL,
  `password` varchar(255) COLLATE utf8_unicode_ci NOT NULL,
  `remember_token` varchar(100) COLLATE utf8_unicode_ci DEFAULT NULL,
  `created_at` timestamp NULL DEFAULT NULL,
  `updated_at` timestamp NULL DEFAULT NULL
) ENGINE=InnoDB DEFAULT CHARSET=utf8 COLLATE=utf8_unicode_ci;

--
-- Volcado de datos para la tabla `users`
--

INSERT INTO `users` (`id`, `name`, `email`, `password`, `remember_token`, `created_at`, `updated_at`) VALUES
(1, 'Antonio', 'nonoillora@gmail.com', '$2y$10$yxZmT6gga9hl/Zb1kmPS3OEm7lbWohM2PiOLISQ6An27WFZdLui6W', NULL, '2017-04-22 18:15:47', '2017-04-22 18:15:47'),
(2, 'Angel', 'angel@printcolorillora.com', '$2y$10$tfRx7XWzugvzlrOlt9pb1OA9WvXcvQJWPZ7NXa27K301CYmu6hGCO', 'G5mfXYpLcvUyXs4bKoCnDLiE8G3jMI9gEJa2MeUS0fmO7ptLZXU6lmIqpXTc', '2017-04-27 11:46:04', '2017-05-02 09:43:57');

--
-- Índices para tablas volcadas
--

--
-- Indices de la tabla `categories`
--
ALTER TABLE `categories`
  ADD PRIMARY KEY (`id`);

--
-- Indices de la tabla `contactos`
--
ALTER TABLE `contactos`
  ADD PRIMARY KEY (`id`);

--
-- Indices de la tabla `migrations`
--
ALTER TABLE `migrations`
  ADD PRIMARY KEY (`id`);

--
-- Indices de la tabla `ofertas`
--
ALTER TABLE `ofertas`
  ADD PRIMARY KEY (`id`),
  ADD KEY `ofertas_idproduct_foreign` (`idProduct`);

--
-- Indices de la tabla `password_resets`
--
ALTER TABLE `password_resets`
  ADD KEY `password_resets_email_index` (`email`),
  ADD KEY `password_resets_token_index` (`token`);

--
-- Indices de la tabla `presupuestos`
--
ALTER TABLE `presupuestos`
  ADD PRIMARY KEY (`id`),
  ADD KEY `presupuestos_idproducto_foreign` (`idProducto`);

--
-- Indices de la tabla `price_products`
--
ALTER TABLE `price_products`
  ADD PRIMARY KEY (`id`),
  ADD KEY `price_products_idtypepriceproduct_foreign` (`idTypePriceProduct`);

--
-- Indices de la tabla `productos`
--
ALTER TABLE `productos`
  ADD PRIMARY KEY (`id`);

--
-- Indices de la tabla `type_price_products`
--
ALTER TABLE `type_price_products`
  ADD PRIMARY KEY (`id`),
  ADD KEY `type_price_products_idproduct_foreign` (`idProduct`);

--
-- Indices de la tabla `users`
--
ALTER TABLE `users`
  ADD PRIMARY KEY (`id`),
  ADD UNIQUE KEY `users_email_unique` (`email`);

--
-- AUTO_INCREMENT de las tablas volcadas
--

--
-- AUTO_INCREMENT de la tabla `categories`
--
ALTER TABLE `categories`
  MODIFY `id` int(10) UNSIGNED NOT NULL AUTO_INCREMENT, AUTO_INCREMENT=29;
--
-- AUTO_INCREMENT de la tabla `contactos`
--
ALTER TABLE `contactos`
  MODIFY `id` int(10) UNSIGNED NOT NULL AUTO_INCREMENT, AUTO_INCREMENT=9;
--
-- AUTO_INCREMENT de la tabla `migrations`
--
ALTER TABLE `migrations`
  MODIFY `id` int(10) UNSIGNED NOT NULL AUTO_INCREMENT, AUTO_INCREMENT=42;
--
-- AUTO_INCREMENT de la tabla `ofertas`
--
ALTER TABLE `ofertas`
  MODIFY `id` int(10) UNSIGNED NOT NULL AUTO_INCREMENT;
--
-- AUTO_INCREMENT de la tabla `presupuestos`
--
ALTER TABLE `presupuestos`
  MODIFY `id` int(10) UNSIGNED NOT NULL AUTO_INCREMENT, AUTO_INCREMENT=3;
--
-- AUTO_INCREMENT de la tabla `price_products`
--
ALTER TABLE `price_products`
  MODIFY `id` int(10) UNSIGNED NOT NULL AUTO_INCREMENT, AUTO_INCREMENT=443;
--
-- AUTO_INCREMENT de la tabla `productos`
--
ALTER TABLE `productos`
  MODIFY `id` int(10) UNSIGNED NOT NULL AUTO_INCREMENT, AUTO_INCREMENT=80;
--
-- AUTO_INCREMENT de la tabla `type_price_products`
--
ALTER TABLE `type_price_products`
  MODIFY `id` int(10) UNSIGNED NOT NULL AUTO_INCREMENT, AUTO_INCREMENT=112;
--
-- AUTO_INCREMENT de la tabla `users`
--
ALTER TABLE `users`
  MODIFY `id` int(10) UNSIGNED NOT NULL AUTO_INCREMENT, AUTO_INCREMENT=3;
--
-- Restricciones para tablas volcadas
--

--
-- Filtros para la tabla `ofertas`
--
ALTER TABLE `ofertas`
  ADD CONSTRAINT `ofertas_idproduct_foreign` FOREIGN KEY (`idProduct`) REFERENCES `productos` (`id`);

--
-- Filtros para la tabla `presupuestos`
--
ALTER TABLE `presupuestos`
  ADD CONSTRAINT `presupuestos_idproducto_foreign` FOREIGN KEY (`idProducto`) REFERENCES `productos` (`id`);

--
-- Filtros para la tabla `price_products`
--
ALTER TABLE `price_products`
  ADD CONSTRAINT `price_products_idtypepriceproduct_foreign` FOREIGN KEY (`idTypePriceProduct`) REFERENCES `type_price_products` (`id`);

--
-- Filtros para la tabla `type_price_products`
--
ALTER TABLE `type_price_products`
  ADD CONSTRAINT `type_price_products_idproduct_foreign` FOREIGN KEY (`idProduct`) REFERENCES `productos` (`id`);

/*!40101 SET CHARACTER_SET_CLIENT=@OLD_CHARACTER_SET_CLIENT */;
/*!40101 SET CHARACTER_SET_RESULTS=@OLD_CHARACTER_SET_RESULTS */;
/*!40101 SET COLLATION_CONNECTION=@OLD_COLLATION_CONNECTION */;
